央视发出警告：粗粮吃多了更可怕，比爱吃肉的更早进医院.....,2018-05-30,http://mmbiz.qpic.cn/mmbiz_jpg/0QSXFoAmnN3SuAfn4Z7pCGwvvzTVCLWdXQebxNLyoqVzu49oyKic5tUMlgnY4knY7CgwSjOQI7RxAmHAf993YDA/0?wx_fmt=jpeg
世界上最伟大的骗局：152名老人被骗8年，但他们从未如此快乐,2018-05-29,http://mmbiz.qpic.cn/mmbiz_jpg/0QSXFoAmnN1NbjQr2pMMxdiau07v9q3bJEkg68tq4xdlhFqYDPHgGklWrfScQBXiaS99utkRPq6YkhHL3hq5pIibQ/0?wx_fmt=jpeg
3000多人被骗3亿元！又一庞氏骗局曝光,2018-05-28,http://mmbiz.qpic.cn/mmbiz_jpg/0QSXFoAmnN27kmJ5qqecrVaMnibIOGrwZHKC0ibZibGVfESDAcvyPIljl9m3Qv2ZtWegqiaRtHSyiaWmNu5rVmdHiavw/0?wx_fmt=jpeg
李云龙走了！英雄走好！抗战英雄竟不如二流演员！,2018-05-27,http://mmbiz.qpic.cn/mmbiz_jpg/0QSXFoAmnN0ZP7G3ibicDWFOgxv5Mo8yDaWJ28aegz5vAr6Vn0V9DD7TtC4VWBK7Fo6cFRgQ7loyvmky0RKPa1hA/0?wx_fmt=jpeg
李谷一在央视大发雷霆：这是中国舞台 为什么不用中文唱歌,2018-05-26,http://mmbiz.qpic.cn/mmbiz_jpg/0QSXFoAmnN3j77I32MkibO4U3H4VguzKbgp3GwAB59jVZtsz0oBZLslW6SavWWgiamnwTcnaTx2e8mzRX81xRHYQ/0?wx_fmt=jpeg
第四代房己来临，你还在买第三代房吗,2018-05-25,http://mmbiz.qpic.cn/mmbiz_jpg/0QSXFoAmnN2LOnbaPibl7VmuwMxkqrK72pdAEoM2RYMcnRek7SnYAuvpjP8szARI1QNynmtK6e3Io7AWO6Wz4LQ/0?wx_fmt=jpeg
《西游记》的境界极高，看懂的人寥寥无几！,2018-05-24,http://mmbiz.qpic.cn/mmbiz_jpg/0QSXFoAmnN002SnuPxnHM93nicOPhYA5e9JOtQFYYg0ZCHdoma621qvCISYE1VlXDoxCgtHW9v9WWeiaDHHBS3tA/0?wx_fmt=jpeg
判死刑的女大学生，都看看！,2018-05-23,http://mmbiz.qpic.cn/mmbiz_jpg/0QSXFoAmnN002SnuPxnHM93nicOPhYA5eX6h5MD7iajVMVicpgfXhvZSEhN2ptpdxHlbdfbsHSDUTtwLgn3EAIZpQ/0?wx_fmt=jpeg
凤凰传奇这次瞒不住了， 亲密关系被曝光， 原来我们被骗了这么久!,2018-05-22,http://mmbiz.qpic.cn/mmbiz_jpg/0QSXFoAmnN3TiaD6DNxTrHIpejsCicjtFH1KuYsAvILPh5ibyWbG8tUU7Sv8Dv6kTKVl7znL8f92XfxmQ3LPC6yCg/0?wx_fmt=jpeg
大衣哥全家近况，儿子整天游手好闲，女儿200斤遭四个人堵门提亲,2018-05-21,http://mmbiz.qpic.cn/mmbiz_jpg/0QSXFoAmnN3TiaD6DNxTrHIpejsCicjtFHBEPW6ksUjiaaj29jJKDGsX55j4S17R9S7a3msibNu6XFVeeg8JgVBWpg/0?wx_fmt=jpeg
2018，即将消逝的10种职业，谁也逃不掉,2018-05-20,http://mmbiz.qpic.cn/mmbiz_jpg/0QSXFoAmnN2dGt8SOibSUffaNSicwxoMRtVBad637xCHsnyl4x6cQxexKgFlDX1fFE3HRAtCcLQ5W7zHqTCg1Dyg/0?wx_fmt=jpeg
兵马俑原来如此靓丽！,2018-05-19,http://mmbiz.qpic.cn/mmbiz_jpg/0QSXFoAmnN3vHSZ1HMM5NpMvlndxicOOV1YQgOulsCMlB0JtAmCRDrRd7QZOQLV4dURxBwznLnF5Ig4mHdJlyZw/0?wx_fmt=jpeg
“空姐遇害”现案中案，4人刑拘！我们不想听道歉，只想安全乘车！,2018-05-18,http://mmbiz.qpic.cn/mmbiz_jpg/0QSXFoAmnN1eRODePEXNhpmJIrpyiaJCicjCdC0OHibvjusiclwQsZ8ht3bPTJL9tQiaV9bHWaTtIgH6fjomGm6ny0w/0?wx_fmt=jpeg
我很累，但无路可退...,2018-05-17,http://mmbiz.qpic.cn/mmbiz_jpg/0QSXFoAmnN2lhsu4tnzyWuqSRHKWrc4wCw0qO2fNge5EZrxwAhagsHqDFR0xRE8FTKt1RaZ0ia9m8uLXKHQJbvg/0?wx_fmt=jpeg
经常步行的女人，最终会这样,2018-05-16,http://mmbiz.qpic.cn/mmbiz_jpg/0QSXFoAmnN0xfRktHS6CPJtFmBSMYQwBicd7HkpreeQu84WlvcVxjqeSveXCoXJZjiaEeibibnHeiboL29zL4lFecSw/0?wx_fmt=jpeg
董卿：我跪着，是因为穿着裙子不好蹲，你出门有教养的样子，真美！,2018-05-15,http://mmbiz.qpic.cn/mmbiz_jpg/0QSXFoAmnN3n9Bw7feSZqOJvkqk06MSTrQWv930nA8Zm6IeYSRfick4LrqJpDaeGLAHWrf9fiavdOhyoZgJbuu7g/0?wx_fmt=jpeg
中国游客在国外拍照被逮捕，这33条出国旅游禁忌，你都知道吗,2018-05-14,http://mmbiz.qpic.cn/mmbiz_jpg/0QSXFoAmnN3gN0yesZE42s5lVK8UwTuiaNvt1FHQzGMmUibh6yP5crLbybuhibVhKAibX7XrrDboNbn4DqL20nxZYA/0?wx_fmt=jpeg
人靠不靠谱，就看这四个细节,2018-05-13,http://mmbiz.qpic.cn/mmbiz_jpg/0QSXFoAmnN3gN0yesZE42s5lVK8UwTuiakyK0U4HeepXVHtGXTVQ6YgeiadJVEXHY4jqibbzNCB3YwRJByll3KYog/0?wx_fmt=jpeg
比倒闭潮更可怕的是&quot;低价竞争&quot;：饿死同行、累死自己、坑死客户！,2018-05-12,http://mmbiz.qpic.cn/mmbiz_jpg/0QSXFoAmnN1csnBYRPNxCEGxjHPEGPKlv3ibKnpectZHdnIic8G5ODLEeBTIpibGqdD9Q81wNgLCw7m3BmuJWapTw/0?wx_fmt=jpeg
请别忘了这世界上最孤独的人,2018-05-11,http://mmbiz.qpic.cn/mmbiz_jpg/0QSXFoAmnN1I7tib1Ve2Lkxgnpv01pMDXVPib0KzPOD2Y2fv6ibOibUG5SibnsiculkxV86xoibukjJAz3ORACXV0D2gA/0?wx_fmt=jpeg
他带着70岁患癌的父亲去实行“最后的旅行”，没想到归来竟然是重生,2018-05-10,http://mmbiz.qpic.cn/mmbiz_jpg/0QSXFoAmnN1IQCH6IPsuSwDkJ0f9hVrzW5dZibRey6xPicawGYRY9icQpEx9rJuVIfQr2AiaQMtHgtFPMSQmGOChpg/0?wx_fmt=jpeg
农村这种菜1斤顶3斤人参，多吃远离大病！,2018-05-09,http://mmbiz.qpic.cn/mmbiz_jpg/0QSXFoAmnN02K8ichFaj3EMf0GibIF033hHlf31zYVuasWzjr3nkCPpzGhpJyXbibwtvY4TQPHUdNl58s072bTo8Q/0?wx_fmt=jpeg
中国人的“中医”越了解越敬畏！分析透彻，通俗易懂，难得好文！,2018-05-08,http://mmbiz.qpic.cn/mmbiz_jpg/0QSXFoAmnN298hwgNbmpU7ChkDl8uWok59BI40ZwGb1gNCLGkDmLGfhUhYxuzgapT1JhAsMicuOttia4FZKVuWgA/0?wx_fmt=jpeg
央视终于出手，大量明星被点名批评！,2018-05-07,http://mmbiz.qpic.cn/mmbiz_jpg/0QSXFoAmnN2tPZI8c0IyP7qbtUMBBHCfa6m68MQnkPSQjXQxtSrwjyTj48IicU7NqOGJj1OeILMoYvvOxMoY15Q/0?wx_fmt=jpeg
比起明星出轨，这才是最值得曝光的照片,2018-05-06,http://mmbiz.qpic.cn/mmbiz_jpg/0QSXFoAmnN0hlNyj9ljKfWLjZKWwibH9ZKmNZSvN1kKOs4YksTWEm98CviaugohIQcyPRxAbrt6yhXHQyMyZdJNg/0?wx_fmt=jpeg
姚明病逝！娱乐圈众星默哀，六小龄童发文悼念！,2018-05-05,http://mmbiz.qpic.cn/mmbiz_jpg/0QSXFoAmnN0CSeEmJdwbvegF8Cu4IH7SxMnicvHruRMx5sf2PFa2siaCe47uhyF3pUeWia1Bl08xpc97G3RvCIa7g/0?wx_fmt=jpeg
艳遇的最高境界，绝了,2018-05-04,http://mmbiz.qpic.cn/mmbiz_jpg/0QSXFoAmnN0CSeEmJdwbvegF8Cu4IH7Sj05mMUJgbl8kGk8j00BEJyGlgdM4h2KreofPtGZic2C8jMQj9bwRFjA/0?wx_fmt=jpeg
5月1日起这些人民币停止流通，还有谁傻傻不知？,2018-05-03,http://mmbiz.qpic.cn/mmbiz_jpg/0QSXFoAmnN3poBwXgT1wbGpbFylzPlyPkFA9j1J3ibIzP1TEtzCC5jTz5EcUU2oEh0aHYdD3BoqfneBlwmZnyhw/0?wx_fmt=jpeg
癌症在前2年就有的征兆，放到圈子很多人会感激你一辈子！,2018-05-02,http://mmbiz.qpic.cn/mmbiz_jpg/0QSXFoAmnN3poBwXgT1wbGpbFylzPlyPFFGT0Vekbkg0199HZaCIgnr1xicwrxUTiaXADrUEq9x9yFc5tKRibIfCQ/0?wx_fmt=jpeg
买车的要哭了，没买车的笑了！国家宣布一个重大好消息！,2018-05-01,http://mmbiz.qpic.cn/mmbiz_jpg/0QSXFoAmnN2WwAyHZCmJghkSiaNqFrzN8PKETT4t20VOXSQPwNQlXpWtGRsCbNPuXr1oCNtyuK25CcMVPIvuzTg/0?wx_fmt=jpeg
五一过后请远离这两个人，不管你是谁！,2018-04-30,http://mmbiz.qpic.cn/mmbiz_jpg/0QSXFoAmnN3M4YDburvBgdcTXzURfyK6wATsVGZmcmIUW1IDY3Z3YH8Fic8uhl0smv4lpiafe5ceI3HZ7zysGLUQ/0?wx_fmt=jpeg
国家终于定了，令国人自豪的这一天终于要来了！,2018-04-29,http://mmbiz.qpic.cn/mmbiz_jpg/0QSXFoAmnN3NcyWmxIzFkCzmYLBR7DEBW5pibF94kFU78ZR924Dmbm1gPo6vhjRicxPZEIXCBrIdmE2Obv4GtLTw/0?wx_fmt=jpeg
以前不离不弃的叫夫妻， 现在.......,2018-04-28,http://mmbiz.qpic.cn/mmbiz_jpg/0QSXFoAmnN3ZeS8k5dyKQYmELBlXSE30t9buDABiaibCVSk45rSr5oVJtpREszbygCPj8qkFaHoxOedSQ0GpP9AQ/0?wx_fmt=jpeg
广东一富豪建房，请风水大师来后，大师当场就吃惊了！,2018-04-27,http://mmbiz.qpic.cn/mmbiz_jpg/0QSXFoAmnN2WwAyHZCmJghkSiaNqFrzN8Iib81k9CgvahQdYTRmickcSIdpYuIkTfV5GcWxOUyvKTuFc9EYibADNtg/0?wx_fmt=jpeg
中兴被美封杀！这位中国人突然回国，美国彻底慌了！,2018-04-26,http://mmbiz.qpic.cn/mmbiz_jpg/0QSXFoAmnN2wPrvIiaPS34DnRWGpLWv8WyzHXrZzibYPffoA9vK5tTEZCq2DSLkv1frFriaU8J4ic4iaZfoUicg71e9Q/0?wx_fmt=jpeg
“爸妈，你们死了，今后我喝谁的血！”震惊所有人！,2018-04-25,http://mmbiz.qpic.cn/mmbiz_jpg/0QSXFoAmnN2zqAribxlIsmoRVj2js2SVp5mvaDbzmbghqib4HNrESWy4XviaCrwR2dtk9wytlJ2h9XLx5eFWUvhkw/0?wx_fmt=jpeg
,2018-04-24,
别了美国！华为突然宣布！,2018-04-23,http://mmbiz.qpic.cn/mmbiz_jpg/0QSXFoAmnN0gvkmeD2KJfJMpUORrhNH1wjric2PVSCzbBNCUDmibyyiaHfVpzEibibAuNjf97O6BJTdIiaoBWtYnTsXw/0?wx_fmt=jpeg
中 国 最 缺 德 的 人 是 谁？人 人 都 要 看,2018-04-22,http://mmbiz.qpic.cn/mmbiz_jpg/0QSXFoAmnN0gvkmeD2KJfJMpUORrhNH1h2zacS3Y93Yn5VlUaOJEnpmdF2TSmDk0V4D8myY3S2eEIIK1kFHtibw/0?wx_fmt=jpeg
碗有三不端，财有三不发，债有三不欠,2018-04-21,http://mmbiz.qpic.cn/mmbiz_jpg/0QSXFoAmnN0N9wTWQ9l6OQ02zsTibicvGg2Cribic6xAJxOxgRsxdMVoFOa01HibzLbXibGk8DJXZp39yNibLpuH7IR0g/0?wx_fmt=jpeg
这回公安局动真格了，有车没车都要看看，以后没人坑得了你了！,2018-04-20,http://mmbiz.qpic.cn/mmbiz_jpg/0QSXFoAmnN0N9wTWQ9l6OQ02zsTibicvGgP5VZgnx57qPBKazBT7ejQINoibIVzGosU2xXbbw2d95DlqxY6ibFmIbw/0?wx_fmt=jpeg
定了！两大铁命令，医院巨变开始！,2018-04-19,http://mmbiz.qpic.cn/mmbiz_jpg/0QSXFoAmnN2pRIOuo3Q2GW5UL63nicwa5QY37P0eF4IKo68YPNMTNochKe7sEMqq1sT6czsyjXGI35xHtox5CEw/0?wx_fmt=jpeg
中东战争打响！美国已经率先开炮，这一次中国将使出绝招,2018-04-18,http://mmbiz.qpic.cn/mmbiz_jpg/0QSXFoAmnN3CM2PlUOKicVjesDyVJ2PQicbbib8fcvYJVqPYZYKDNb5xsdeZg6ZcFgngNy9uGico43a11XNxUHm9Ig/0?wx_fmt=jpeg
你阴历几日生，就已注定你一生的命运！很准！,2018-04-17,http://mmbiz.qpic.cn/mmbiz_jpg/0QSXFoAmnN39DnYJm8SJFKkd5OC8aS08EGzkBGSVuPr4jZvBLBWpGfD2A1iac4pB4rLk1F1v7ibr1DvQeiaE4zCWQ/0?wx_fmt=jpeg
成大业者不吃全鱼！,2018-04-16,http://mmbiz.qpic.cn/mmbiz_jpg/0QSXFoAmnN2TMbAwJibwgthBvPCP6kLr4RyEibFvCmCzsgH7Jia7w898pTUuIBRpxia5otib8c7cLLKicAWojwljiaRrg/0?wx_fmt=jpeg
王宝强，你怎么好意思去领奖？,2018-04-15,http://mmbiz.qpic.cn/mmbiz_jpg/0QSXFoAmnN2Tn1XPAYF2FuH3CCAXibgn40qWHESFMduJFibf44j2FPauFKSK9K5jRk3C1KhQcFFeIWeJl7Vwvx4w/0?wx_fmt=jpeg
92岁老人被逼自杀，富豪2亿捐别墅被拒，“我为你雪中送炭，你为我雪上加霜”,2018-04-14,http://mmbiz.qpic.cn/mmbiz_jpg/0QSXFoAmnN2Tn1XPAYF2FuH3CCAXibgn4h2F7R5MUnAKS0V5btAeqBnOj1ZMibrNYzE9sXPNwoWOcZnSeeDdV05g/0?wx_fmt=jpeg
下辈子，都不会再见了！适合所有人看看,2018-04-12,http://mmbiz.qpic.cn/mmbiz_jpg/0QSXFoAmnN24XepKA4lgdvW6r8wZlSiclLib86WLLdcxbSGXTFclTibcJn82aY3BjIqwaTOwb3Ow4ibcuD3e8j3lZA/0?wx_fmt=jpeg
碗有三不端，财有三不发，债有三不欠,2018-04-11,http://mmbiz.qpic.cn/mmbiz_jpg/0QSXFoAmnN0IrdibF5FXr8gjM4xMOkAodX28sjV29tnI3y3yHT52s0wH2sWsibl0DR4ibjLYuJI3Amn7gUia5G19Bg/0?wx_fmt=jpeg
,2018-04-10,
我 国 姓 氏 最 新 排 名！,2018-04-09,http://mmbiz.qpic.cn/mmbiz_jpg/0QSXFoAmnN0jaKYk9N5MuAib0bMibBwwDQicVNsu326wtJxjotaJc0ibnbIlbMFCtNOmIsX3OOpytqRq7G00ibxpC0g/0?wx_fmt=jpeg
农村户口发财了！文件刚公布！,2018-04-08,http://mmbiz.qpic.cn/mmbiz_jpg/0QSXFoAmnN0jaKYk9N5MuAib0bMibBwwDQFVOHIrFrxfEcYz9FC4Q5tZyqN2ypkmshcWEDsHKhJiaKSrflXUHnpug/0?wx_fmt=jpeg
人有5个“寿命坎” ，您一定要知道！,2018-04-07,http://mmbiz.qpic.cn/mmbiz_jpg/0QSXFoAmnN2mMsYIGmT0Vr2KdsciadLIJvibyVt6xwkyRwktTFjicRQVdH8EMEp0WibFtYVicEHdyEjaGFibvibP9NNtA/0?wx_fmt=jpeg
银行刚刚宣布！5月1日起，这类人民币将停止流通，快看看你家有吗？,2018-04-06,http://mmbiz.qpic.cn/mmbiz_jpg/0QSXFoAmnN1VuJ8qxAlr09PNDYy2UX11TficyxDzHfY9PShSgsy33rzVB03kdQ5cNNARjHfE8cnnBFtDBX7bBJw/0?wx_fmt=jpeg
92岁老人被逼自杀，刘强东罕见发怒：我为你雪中送炭，你却要我家破人亡！,2018-04-05,http://mmbiz.qpic.cn/mmbiz_jpg/0QSXFoAmnN1VuJ8qxAlr09PNDYy2UX11zURxgpazeic8WSkkqRWuVIKSsMGJiaLIQeAE2Y86iaslvuTICm3Y5y4dQ/0?wx_fmt=jpeg
刚刚！央台沉痛播出，事态严重，希望你没买..！,2018-04-04,http://mmbiz.qpic.cn/mmbiz_jpg/0QSXFoAmnN21ou7MK6atJwsVdUaJoSGLTus0AfK5kpkSViaNM68hUuaaD5c832icnrYCrr3bfVIzoviceTMRZdLUA/0?wx_fmt=jpeg
从你的生日看你是什么人？,2018-04-03,http://mmbiz.qpic.cn/mmbiz_jpg/0QSXFoAmnN0VHaDJibSFaFlqFDOWR6qnrxUgOmYz0OFY809GGORY4ia8PPcgKyW8eMTIF8ERPmsUiblqeX2WPZCgQ/0?wx_fmt=jpeg
柴静：谢谢人世间，所有不动声色的善良,2018-04-02,http://mmbiz.qpic.cn/mmbiz_jpg/0QSXFoAmnN28cV3SuQJkeebPvcxqLCNicMR2gkGtCxZcMyyzyachQQ5ibzYLeiaib5SdPBjUGKTT9GloqWJV8ricPsg/0?wx_fmt=jpeg
大地震！高德地图突然宣布！巨头们哭了！司机狂欢！,2018-04-01,http://mmbiz.qpic.cn/mmbiz_jpg/0QSXFoAmnN0OBhXvjZibaeORNoic7YdfibkOR5Yvibur7cLeT8tOibjcPV9rJRKVEbiamvbM7B8TzKyMsn0aUbe2vPOA/0?wx_fmt=jpeg
结婚三年就离婚，房子归你，孩子归我！这段离婚律师的话，刷爆朋友圈……,2018-03-31,http://mmbiz.qpic.cn/mmbiz_jpg/0QSXFoAmnN2HFoTyK89uKA6icIDfkc9gh6wWNpMj985zkhEUD13gMWRVX4yMDtkB0zQF3hrzfPvzsY0rP8ueckQ/0?wx_fmt=jpeg
一位靠母亲捡垃圾养大的明星，你绝对想不到是谁・・・・・・,2018-03-30,http://mmbiz.qpic.cn/mmbiz_jpg/0QSXFoAmnN2HFoTyK89uKA6icIDfkc9ghudk9egyxy1hK8nJD1a1Wnpibh6fsFc9MicFZgkBOkoljbGiaSQlcA2THQ/0?wx_fmt=jpeg
维生素B2横扫一切疾病，值得告诉朋友,2018-03-29,http://mmbiz.qpic.cn/mmbiz_jpg/0QSXFoAmnN2Osb7AwRTicktb1Xyq23l0HGqF4GWibpg48nMj1jSKibh1VD6icibTS6pjTyyB67hK7DxOOiatsPpgyrzQ/0?wx_fmt=jpeg
